Area_Id,Area,Latitude,Longitude
7114,Abhiramapuram-Cp Ramaswamy Road Pizza Cornner,13.0311037,80.2566849
7121,Adambakkam-Brindavan Nagar,12.985,80.205
7115,Adambakkam-Jayalakshmi Theatre,12.9909,80.1988
7119,Adambakkam-Kakkan Bridge,12.9886,80.2048
7120,Adambakkam-Mahalakshmi Nagar,12.9839,80.2059
7122,Adambakkam-NGO Colony,12.9954,80.2073
7118,Adambakkam-Police Station,12.9897,80.2019
7116,Adambakkam-Punjab National Bank ATM,12.9923,80.1969
7117,Adambakkam-SP Hospital,12.9935,80.201
7124,Adhanoor-Bus stop,12.871883,80.051437
7788,Adyar-Cancer Institute,13.0084,80.2486
7131,Adyar-Depot,12.9979,80.256
7133,Adyar-Fortis Malar Hospital,13.0098839,80.2590574
7129,Adyar-Gandhi Nagar Terminus,13.006658,80.252765
7789,Adyar-Indira Nagar,12.9917221,80.253118
7127,Adyar-Opp. Sangeetha Hotel,13.007282,80.257251
7132,Adyar-Shastri Nagar Konica Show Room,12.9967,80.2585
7128,Adyar-Water Tank,12.9951,80.2526
7134,Agaram-Loco Bridge,13.1072,80.2245
7135,Agaram-SRP Koil Temple,13.1124,80.2315
7136,Alandur-MTC Bus Stop,12.9972274,80.1904883
7137,Alapakkam-Bus stop,13.0429,80.1639
7140,Alwarpet-Signal,13.0388,80.2576
7141,Alwarthirunagar-Bus stop,13.045,80.1861
7687,Alwarthirunagar-Lamech School,13.0435,80.1821
7879,Alwarthirunagar-Velan nagar Police booth,13.0504353,80.1830106
7144,Ambal Nagar-Bus stop,13.0183,80.2059
7149,Ambattur Estate-Bus Terminus,13.099552,80.169924
7150,Ambattur kallikuppam-Tea Kadai Stop,13.133,80.1736
7690,Ambattur Oragadam-Bus stop,13.1273,80.1538
7151,Ambattur OT-Bus Terminus,13.1195,80.15
7692,Ambattur-Attipatttu Krishnan Koil Bus stop,13.094955,80.156713
7855,Ambattur-Canara Bank,13.1103,80.1522
7849,Ambattur-Lenin Nagar park,13.1273,80.1454
7689,Ambattur-LIC Training Zonal office,13.1182,80.1595
7147,Ambattur-Police Station,13.1074,80.1527
7148,Ambattur-Pudur Bus Stop,13.1303,80.1587
7688,Ambattur-Registration Office,13.125,80.1465
7146,Ambattur-Vinayagapuram Bus stop,13.124484,80.150796
7154,Aminjikarai-Market,13.0735,80.2258
7153,Aminjikarai-Skywalk Ampa Mall,13.0735,80.221
7156,Anakaputhur-Bus Depot,12.9850731,80.1231757
7157,Anakaputhur-Church,12.9825,80.1296
7155,Anakaputhur-Govt. School,12.9796,80.1294
7164,Anna Nagar East-K4 Police Station Bus Stop,13.0923,80.2188
7165,Anna Nagar East-Kaveri Colony MTC Bus Stop,13.0917,80.2235
7166,Anna Nagar West-Depot,13.0952,80.1985
7161,Anna Nagar-Anna Arch Bus stop,13.0765,80.218
7160,Anna Nagar-Blue Star,13.0848509,80.2109271
7162,Anna Nagar-Roundana,13.0847,80.2177
7163,Anna Nagar-Shanthi Colony,13.0814,80.2178
7158,Anna Nagar-Sundaram Foundation,13.0818,80.207
7145,Annanur-Murugappa Polytechnic,13.125703,80.118407
7790,Annanur-Railway Station,13.1173,80.1267
7168,Arumbakkam-Food World,13.077014,80.206753
7847,Arumbakkam-Jai Nagar park,13.0689,80.2067
7169,Arumbakkam-MTC Bus Stop,13.076594,80.204284
7691,Ashok Nagar-Police Station,13.043785,80.217288
7171,Ashok Pillar-Canara Bank,13.0399,80.2125
7170,Ashok Pillar-Udhayam Theatre  MTC Bus Stop,13.035,80.2112
7174,Avadi-Bus Terminus,13.12,80.1022
7173,Avadi-Check Post,13.119392,80.09495
7696,Avadi-CRPF Bus Stop,13.1491,80.0879
7177,Avadi-Govardhanagiri Bus Stop,13.0985,80.1083
7697,Avadi-HVF Ajeya Stadium,13.1331,80.1031
7698,Avadi-HVF Poompozhil Nagar,13.139,80.1152
7845,Avadi-HVF Valluvar Vasuki Thirumana Mandapam,13.132,80.1082
7176,Avadi-Iyankulam Bus Stop,13.0937,80.1083
7825,Avadi-JB Estate Bus Stop,13.1111,80.1087
7823,Avadi-Kamaraj Nagar Bus stop,13.1069,80.0942
7175,Avadi-Market,13.1159,80.1041
7695,Avadi-Moorthy Nagar,13.1027,80.1083
7694,Avadi-OCF Post Office,13.1255,80.1032
7693,Avadi-Paruthipattu Bus stop,13.0862,80.1086
7699,Ayanambakkam-Bus stop,13.0725,80.1531
7182,Ayanavaram-Depot,13.0981,80.2415
7183,Ayanavaram-ESI Bus stop,13.0948,80.2413
7179,Ayanavaram-Joint Office,13.1017,80.2309
7184,Ayanavaram-Medavakkam Tank Road Bus stop,13.095,80.2413
7791,Ayanavaram-Noor Hotel,13.0986,80.2343
7178,Ayanavaram-Railway Quaters,13.0991,80.2237
7181,Ayanavaram-Sayani Petrol Bunk,13.0979,80.2384
7186,Ayapakkam-Bus stop,13.0988,80.1327
7187,Ayapakkam-Ganesh Bhawan Hotel Bus Stop,13.1071,80.1314
7188,Ayapakkam-Govt High School,13.0892,80.1381
7185,Ayapakkam-MGR Puram Bus Stop,13.0976,80.1423
7700,Ayappakam-ICMR Bus Stop,13.101,80.1399
7190,Beach Station-MRTS,13.0922,80.2915
7191,Besant Nagar-Food world,13.0006,80.2669
7192,Broadway-Bus Stop,13.0874,80.284
7193,Butt Road-St.Thomas Mount,13.0086,80.1972
7194,Central-G.H Hospital,13.0823,80.2772
14449,Chembarambakkam Bus Stop,13.040705,80.057944
7196,Chepauk-Anna Square,13.0667,80.284
7197,Chetpet-Bus stop,13.0703122,80.242103
7199,Chintadripet-Market,13.0754,80.2696
7200,Chintadripet-Railway Station,13.0741,80.2734
7201,Chinthamani-Konica Show Room,13.0857,80.2235
7827,Chitlapakkam- More Supermarket,12.9302,80.1483
7792,Chitlapakkam-NSN school,12.9307,80.1381
7828,Chitlapakkam-Rosily School,12.9354,80.1469
7204,Chitlapakkam-Varatharajan Theatre,12.9376,80.1388
7205,Choolai-Post office,13.0898,80.259
7208,Choolaimedu-Bus Stop,13.0679,80.2267
7207,Choolaimedu-Gill nagar Bus stop,13.0646,80.2252
7206,Choolaimedu-Nelson Manikam Foodworld,13.0664,80.2316
7215,Chromepet West-Bus stop,12.9518,80.1401
7209,Chromepet-Lakshmipuram Bus stop,12.9576,80.1252
7820,Chromepet-MIT Gate-Bus stop,12.9481,80.1374
7214,Chromepet-Nemilichery Bus stop,12.9452,80.1634
7703,Chromepet-Radha Nagar St.Marks Matriculation H S School,12.9508,80.1489
7793,Chromepet-Railway Station,12.951692,80.140044
7794,Chromepet-Zameen Royapettah,12.9501,80.1539
7702,Cinmaya Nagar-Bus Stop,13.0628,80.1971
7216,Cinmaya Nagar-Market road,13.0625,80.1983
7704,Cinmaya Nagar-Mettukuppam  Karumari Amman kovil,13.0549,80.1737
7883,CIT Nagar-Bus Stop,13.0298,80.2308
7217,CIT Nagar-Hyundai show room,13.0264,80.2313
7219,Egattur-Bus Stop,12.8361,80.2272
7223,Egmore-Albert Theatre,13.0767,80.2642
7221,Egmore-Dinathanthi Office,13.0807,80.2626
7222,Egmore-Govt. Eye Hosptial,13.0699,80.2609
7220,Egmore-Hotel Marina,13.0757,80.2595
7224,Ekkattuthangal-Kalaimagal Bus stop,13.0243,80.2067
7705,Elephant Gate-Bus stop,13.0916238,80.2753554
7225,Ennore-Bus Stop,13.214832,80.320285
14451,Ernavoor - ETPS Bus Stop,13.200102,80.313095
7226,Ernavoor-Jothinagar Bus stop,13.181398,80.298903
7830,Ernavoor-Murugappa Nagar,13.183732,80.301116
7829,Ernavoor-WIMCO Nagar,13.1786,80.3072
7227,Erukkancheri-Bus stop,13.1246,80.2472
7228,Ezhil nagar-Fire station,13.126545,80.272429
7837,Foreshore Estate-Bus Stop,13.025373,80.274795
7229,Foreshore Estate-M R C Bus Stop,13.0257,80.2751
7231,George Town-Bus stop,13.087458,80.28387
7232,Gerugambakkam-Ajith bus stop,13.0108,80.1443
7233,Gerugambakkam-MTC Bus Stop,13.0155211,80.136592
7234,GKM Colony-Bus stop,13.1113,80.2184
7235,Gopalapuram-Cathedral Road (CSI),13.048098,80.253821
7236,Gowrivakkam-Bus stop,12.921,80.168
14198,Guduvanchery - Pandur,12.792821,80.093225
7242,Guduvanchery-Kayarambedu Bus stop,12.8036,80.0704
14413,Guduvanchery-Kayarambedu Junction Bus stop,12.8103736,80.0766524
7706,Guduvanchery-Kuthanur Bus Stand,12.8516,80.0411
7238,Guduvanchery-Madambakkam Bus stop,12.8443,80.0598
7707,Guduvanchery-OM Sakthi Nagar Bus stop,12.8293,80.0739
7239,Guduvanchery-Perumattunallur Bus stop,12.8224,80.0776
7240,Guduvanchery-Power House EB,12.851163,80.065618
7708,Guduvanchery-Srinivasapuram Bus Stop,12.839445,80.055116
7237,Guduvanchery-Valanchery Bus stop,12.8365,80.0553
7248,Guindy Estate-Bus Stop,13.0098,80.2113
7246,Guindy-Kannigapuram Bus stop,13.0049,80.2203
7709,Guindy-Olympia Technology Park,13.014,80.2045
7243,Guindy-Opp To Le Meridian,13.0073,80.2054
7245,Guindy-Race Course,13.008,80.2132
7249,Hasthinapuram-Kumaran Kundram Bus Stop,12.9418,80.1433
7250,Hasthinapuram-MTC Bus Stop,12.9405,80.1508
7251,Hasthinapuram-Thirumalai Nagar Bus stop,12.9369105,80.1585263
7252,ICF-MTC Bus Stop,13.1005,80.215
7795,Injambakkam-Prathana Theatre,12.93,80.2516
7781,Injambakkam-VGP Golden Beach Bus stop,12.913939,80.250282
7254,IOC Bridge-Depot,13.1391,80.2819
7255,Irumbuliyur East-Bus stop,12.9152026,80.1059892
7257,Iyyappanthangal-Bus Depot,13.0381,80.1351
7258,Iyyappanthangal-Ramachandra Hospital,13.0369,80.142
7824,Iyyappanthangal-Srinivasa Kalyana Mandapam,13.0471,80.1368
7259,Jafferkhanpet-Kasi Theatre,13.0296,80.2085
7260,Jaladampet-Bus stop,12.9291,80.2026
7262,Jawahar Nagar-Bus stop,13.1128,80.2294
7710,K K Nagar-Ayyappan Kovil Bus Stop,13.0393,80.1968
7264,K K Nagar-Bus Depot,13.035681,80.20559
7263,K K Nagar-Pondicherry Guest House,13.0419,80.1933
7851,K K Nagar-Sivan Park Bus stop,13.0411,80.2052
7857,Kadaperi-Burma Colony Bus stop,12.9504,80.1183
7266,Kaladipet-Bus Stop,13.1542,80.3006
7267,Kalmandapam-Bus Stop,13.1151,80.2926
7269,Kamarajapuram-Bus Stand,12.9234,80.155
7268,Kamarajapuram-New life hostel,12.9227,80.1521
7270,Kanagam-Madhya Kailash Bus Stop,13.0066,80.2467
7271,Kandanchavadi-GMR,12.9635,80.2454
7273,Kannadasan Nagar-Bus Stop,13.1361,80.2573
7275,Kannadasan Nagar-EB Office,13.1314,80.2585
7274,Kannadasan Nagar-P6 Police Station,13.1314,80.257
7276,Karambakkam-Bus stop,13.0375,80.1593
14414,Karanai Bus Stop,12.858674,80.199785
14455,Karanai Puduchery -Arungal Government primary School,12.8309221,80.0979469
7277,Karanai-Puthuchery Bus stop,12.8456307,80.0867714
7278,Karapakkam-Aravind Theatre,12.915341,80.229382
7280,Karayanchavadi-Signal,13.0463,80.1117
7281,Kasimedu-Bus Stop,13.124625,80.294479
7282,Kattankulathur-Bus Stop,12.8092,80.0296
7873,Kattankulathur-Sivananda Gurukulam Bus stop,12.8145,80.0326
7283,Kattupakkam-Bus Stop,13.0411,80.1273
7284,Kavangarai Puzhal-Bus stop,13.1705,80.1995
14457,Kelambakkam - Pungeri Bus stop,12.7984217,80.1385625
14415,Kelambakkam - Vijayashanthi Apartment,12.760201,80.208903
7288,Kelambakkam-Bus Stop,12.7863,80.2221
7289,Kelambakkam-Kazhipattur Bus stop,12.8197,80.2304
7287,Kelambakkam-Mambakkam Bus stop,12.8276,80.165
7285,Kelambakkam-Pudhupakkam Panchayat Office Bus stop,12.8084,80.2004
7711,Kelambakkam-Thaiyur Bus Stop,12.773617,80.213889
14232,Kelampakkam - Keelakottaiyur Bus Stop,12.8400159,80.1531865
7290,Kellys-MTC Stop,13.0829,80.2412
7291,Kilkattalai-Bus Stop,12.9563,80.1868
7712,Kilkattalai-Ganesh Nagar Bus Stop,12.961462,80.187269
7292,Kilkattalai-Junction,12.955679,80.186811
7841,Kilpauk New Avadi Road-VOC Nagar Bus stop,13.0911,80.2278
7297,Kilpauk New Avadi Road-Water tank,13.0887,80.2312
7294,Kilpauk-Cemetry,13.0831,80.2286
7295,Kilpauk-Garden Bus Stop,13.0835,80.2333
7296,Kilpauk-K.M.C,13.077963,80.24411
7293,Kilpauk-Mummy Daddy Shopping Complex,13.0836,80.2399
7713,Kodambakkam-Five Lamps,13.0449,80.2256
7299,Kodambakkam-Samiyaar Madam,13.0472,80.2189
7301,Kodambakkam-Sekar Emporium,13.0539,80.2278
7303,Kodungaiyur-Indian Bank (Meenambal Road),13.1292,80.2589
7714,Kodungaiyur-Muthamizh Nagar Mosque,13.1327,80.2475
7843,Kodungaiyur-Parvathi Nagar Bus stop,13.1457,80.2503
7305,Kolathur-Bus Stop,13.1206,80.2122
7715,Kolathur-Ganga Sweets,13.1209496,80.2239753
7310,Kolathur-Ganga theatre,13.1249,80.2175
7306,kolathur-Kumaran Nagar Bus stop,13.1247,80.2248
7717,Kolathur-Poompuhar Nagar Bus stop,13.1206,80.2122
7782,"Kolathur-Regional Geoscience Lab, ONGC",13.1157,80.1977
7308,Kolathur-Senthil Nagar Bus stop,13.1238,80.2025
7716,Kolathur-Teachers Colony Bus Stop,13.1307,80.2023
7309,Kolathur-Vinayagapuram Bus stop,13.14,80.2055
7311,Kondithope-Bus Stop,13.1055,80.2758
7312,Korattur-Bus Stand,13.111222,80.184346
7313,Korattur-Lucas Patavatamman MTC Stop,13.1011,80.1899
7881,Korattur-Railway Station,13.1129,80.184
7850,Korukkupet-Bus stop,13.119576,80.278431
7317,Kottivakkam-Bus Stand,12.9695,80.2576
7316,Kottivakkam-IBP Petrol Bunk,12.968,80.2573
7318,Kotturpuram-Anna University,13.0128,80.2403
7320,Kotturpuram-ICICI Bank,13.0204,80.2432
7319,Kotturpuram-Police Station,13.017438,80.240824
7868,Kovilambakkam- Vadakupattu Gangai Amman Temple,12.9335,80.1882
7323,Kovilambakkam-Bus Stop,12.939045,80.182339
7322,Kovilambakkam-Eachangadu bus stop,12.9492,80.1839
7325,Kovur-Bharat Petrol bunk,13.0117,80.129
7326,Kovur-EB Bus Stop,13.0106,80.1145
7324,Kovur-MTC Bus Stop,13.0099,80.1202
7718,Kovur-Periya Panicherry,13.0125,80.1322
7328,Koyambedu-Adyar Ananda Bhavan,13.0712,80.2034
7330,Koyambedu-Rohini Complex,13.0754,80.1959
7331,Kumananchavadi-Bus Stand,13.045,80.1159
14454,"Kundrathur - Sri Ranibai Matriculation School, Pidarithangal",13.0681894,80.0876155
14453,kundrathur - Venkata Subramani Nagar Bus Stop,12.977382,80.103046
7834,Kundrathur -Murugan Temple- Bus stop,12.9872,80.0933
7822,Kundrathur-Karaima Nagar Bus stop,12.9896,80.117
7332,Kundrathur-Mtc Bus Stop,12.9969,80.0963
7334,M R Nagar-MTC Bus Stop,13.1303,80.2504
7719,Madambakkam-Bharath University,12.9081,80.1427
7335,Madambakkam-Bus stop,12.900809,80.161598
7720,Madambakkam-Kozhi Pannai Bus Stop,12.9035,80.1586
7336,Madambakkam-Noothencheri Bus stop,12.8978,80.1671
7721,Madambakkam-VGP Bus Stop,12.9129,80.1553
14416,Madanan Kuppam - Bus Stop,13.135503,80.190251
7337,Madanandapuram-MTC Bus Stop,13.023,80.1465
7722,Madanandapuram-Pon Vidhyashram school,13.0146,80.153
14456,Madhavaram - - Assisi Nagar - St. Josephs School,13.1658365,80.2348377
7340,Madhavaram-Arul Nagar MTC Bus Stop,13.1456,80.2398
7338,Madhavaram-Nagarathchi Office,13.1478,80.2309
7339,Madhavaram-Tabal Petti,13.1435,80.2377
7341,Madhya Kailash-IIT Madras,13.0066,80.2419
7342,Madhyakailash-Bus stop,13.0066,80.2467
7346,Madipakkam-Balaiya garden,12.965386,80.201094
7345,Madipakkam-Bus Terminus,12.962907,80.198051
7343,Madipakkam-Koottu Road Junction,12.966005,80.188566
7797,Madipakkam-Ram Nagar,12.965169,80.207441
7344,Madipakkam-Sadashivanagar Bus Stop,12.965542,80.204819
7871,Madipakkam-Siva Vishnu Temple,12.9577,80.1991
7349,"Maduravoyal-Earikarai Bus Stop, Land Mark (Schram Academy School)",13.0614,80.1645
7350,Maduravoyal-Market Bus Stop,13.064,80.168
7351,Maduravoyal-MGR college,13.067782,80.178354
7352,Maduvankarai-Bus stop,13.003688,80.211988
7353,Mahalingapuram-Ayappa Temple,13.0564,80.232
14152,Manali New Town - Bus Terminal,13.1978973,80.2755003
7356,Manali-Bus Stand,13.16997,80.257277
7354,Manali-MMC,13.1616,80.2439
7355,Manali-MMDA,13.1691,80.2478
7358,Mandaveli-Bus Depot,13.026315,80.265626
7723,Mandaveli-St Antonys Girls Higher Secondary School,13.0289,80.2741
7359,Mangadu-Bus Stop,13.0315,80.1111
7839,Mangadu-Gangai Amman Temple Bus Stop,13.0381,80.1131
7360,Manimangalam-Bus Stop,12.916256,80.040234
7724,Manimangalam-PTC Quarters Bus stop,12.916888,80.061857
7726,Mannady-Broadway theater,13.1001,80.2868
7362,Mannady-Excellent Hotel,13.0969,80.2865
7361,Mannady-Police Station,13.0943,80.2862
7363,Mannivakkam-Bus Stop,12.8942,80.0642
7853,Mannurpet-Vinayagar Kovil Bus stop,13.0982,80.1761
7364,Mappedu-Bus Stop,12.891,80.1409
14466,Maraimalai Nagar- Railway Station Bus Stop,12.796609,80.020995
7727,Maraimalai Nagar-Government Hospital,12.7909,80.0328
7365,Maraimalai Nagar-Main Bus Stand,12.7904,80.0335
7874,Maraimalai Nagar-Rail Nagar Bus stop,12.7983,80.0386
14231,Medavakkam - Time Kids Preschool,12.9234579,80.1896969
7368,Medavakkam-Bus stop,12.9173,80.1915
7367,Medavakkam-Koot Road Bus Stand,12.919855,80.182115
7728,Medavakkam-Ranganatha Puram Bus Stop,12.918968,80.187531
7366,Medavakkam-Vijayanagaram,12.9183327,80.1767312
7369,Meenambakkam-Airport Bus Stand,12.9875,80.1762
7371,Mehta Nagar-Bus stop,13.0679,80.2267
7373,MGR Nagar-MTC Bus Stop,13.0363,80.2017
7375,Mint-Bus Terminus,13.1042,80.2758
7374,Mint-Moolakothiram Bus Stop,13.1035,80.2737
7376,Mint-Stanley Medical College Bus Stop,13.1051,80.2839
7377,MKB Nagar-Mullai Nagar Bus Stand,13.1234,80.2653
7729,MMDA-Hotel Vallavan Chettinad,13.063861,80.211626
7379,MMDA-Water Tank Bus stop,13.0697095,80.2152826
7389,Mogappair East-J J Nagar,13.0848,80.1832
7831,Mogappair East-Masoodhi Bus Stop,13.081,80.1844
7390,Mogappair West-Bus Stand,13.082996,80.17054
7388,Mogappair-Collector Nagar,13.0878,80.188
7380,Mogappair-D R Supper Market,13.0816,80.167
7798,Mogappair-Golden Flats,13.0883,80.1784
7383,Mogappair-HP Petrol Bunk,13.0887,80.1748
7381,Mogappair-MGR Statue,13.0853,80.1699
7799,Mogappair-MMM Hospital,13.086251,80.188078
7384,Mogappair-Park Road Junction,13.0799,80.1878
7391,Moolakadai-MTC Bus Stop,13.1298,80.2406
7392,Moulivakkam-Baikadai,13.0194,80.1428
7393,Mount Road-Devi Theatre/Shanthi Theatre,13.0662,80.2704
7394,Mount Road-LIC,13.0643,80.2657
7395,Movarasampet-Bus stop,12.9695,80.1862
7730,MRC Nagar-Bus Stop Ayyapan kovil,13.018962,80.267531
7398,Mudichur-Attai Company Mtc Stop,12.914452,80.071437
7400,Mudichur-Church,12.9128,80.0705
7402,Mudichur-Krishna Nagar MTC Bus Stop,12.9234,80.0973
7397,Mudichur-Lakshmi Nagar Mtc Stop,12.9056,80.0662
7399,Mudichur-Madanapuram MTC Bus Stop,12.9155,80.0771
7396,Mudichur-Natesan Mtr. School,12.9015,80.0621
7731,Mugalivakkam-Arasa Maram Bus stop,13.0208,80.1662
7405,Mugalivakkam-Opp To MTC Bus Stop,13.0291,80.169
7406,Muthamizh Nagar-Bus Stop,13.1341,80.2523
7407,Muthapudupet-Bus Stop,13.1458,80.0645
7869,Muttukkadu-Bus stop,12.8274,80.2403
7733,Mylapore -Kachery road Mosque,13.034443,80.27317
7408,Mylapore-Luz Church,13.0374,80.2626
7800,Mylapore-Mundhakani Amman kovil,13.040731,80.269749
7411,Mylapore-Sankrit College,13.0405,80.2685
7410,Mylapore-Tank Bus Stop,13.0339,80.2679
7413,Naduveerapattu-Bus Stop,12.94275,80.049789
7416,Nagalkeni-Chemoleums Bus Stop,12.9611,80.1374
7415,Nagalkeni-MGR Statue MTC Bus Stop,12.962,80.1383
7417,Nammalwarpet-MTC Bus Stop,13.096,80.2427
7418,Nandabakkam-Chennai Trade Centre,13.014,80.1897
7419,Nandanam Signal-Arts College,13.029237,80.239865
7420,Nandhivaram-Government Hospital,12.8458,80.0618
7734,Nanganallur-Anjaneyar Kovil,12.9859637,80.1925674
7426,Nanganallur-BM Hospital,12.9889,80.1903
7425,Nanganallur-Lakshmi Nagar,12.9791,80.189
7423,Nanganallur-Roja medicals,12.9807,80.188
7421,Nanganallur-Thillaiganga Nagar Subway,12.9921,80.1933
7422,Nanganallur-Velan Theatre,12.9803,80.1822
7427,Nanmangalam-Bus stop,12.9385,80.175406
7840,Navalur-AGS Bus Stop,12.8498,80.2265
7428,Navalur-Bus Stop,12.8452,80.2264
7429,Nedungundram-Bus stop,12.8801,80.1088
7736,Nedungundram-Sadhanathapuram Bus Stop,12.898,80.108
7431,Neelangarai-Buhari Hotel,12.9422,80.2532
7430,Neelangarai-Bus Stand,12.9497,80.2547
7432,Nemam-Bus stop,13.07817,80.025441
7433,Nerkundram-Bus stop,13.071566,80.185852
7737,Nesapakkam-MGR Statue Bus stop,13.0315,80.1912
7435,New Perungalathur-Bus Stand,12.906114,80.096047
7738,New Perungalathur-Perumal Kovil,12.901358,80.091194
7436,New Washermanpet-Agarwal Eye Hospital,13.1366967,80.2937352
7437,Nolambur-Bus stand,13.072216,80.167308
7876,Nolambur-Thai Moogambigai Dental College,13.0736,80.1782
7438,Noombal-Sivan Kovil,13.0555,80.1403
7740,Nungambakkam-Income Tax Bus Stop,13.057089,80.248566
7440,Nungambakkam-Loyola College MTC Bus Stop,13.0646,80.2348
7442,Nungambakkam-Police Station,13.0599,80.2426
7801,Nungambakkam-Railway Station,13.065768,80.232558
7441,Nungambakkam-Sterling Road MTC Bus Stop,13.0652,80.2398
7741,Old Pallavaram-Murugan Kovil,12.9631,80.172
7403,Old Perungalathur-Lakshmipuram MTC Bus Stop,12.9253,80.101
7444,Old Perungalathur-MTC Bus stop,12.919053,80.083817
7445,Old Washermanpet-Cemetry Road,13.1099,80.2811
7446,Old Washermanpet-Maharani,13.1174,80.2843
7314,Old Washermanpet-Pandiyan Theatre,13.1127,80.2817
7449,Ottery-Podi Kadai Bus stop,13.0974,80.248
7315,Ottery-Saravana Theatre bus stop,13.0939,80.2509
7448,Ottery-T.B Hospital,13.097,80.2454
7447,Ottery-Vandalur Bus stop,12.8935,80.082
7742,Ottiambakkam-Bus stop,12.8623,80.1913
7450,Padapai-Bus stop,12.88654,80.021599
14465,Padapai-Nariyambakkam Bus Stop,12.868529,79.972316
7451,Padi-Lucas Tvs,13.1037301,80.1863286
7452,Padi-Opp To Britannia,13.0983,80.1807
7453,Padur- Hindustan College(Opp),12.801485,80.223491
7454,Palavakkam-Arch,12.9631,80.2568
7743,Palavakkam-Panchayat Office,12.9611,80.2562
7459,Pallavaram Bypass-Shell Petrol Bunk,12.9521,80.1703
7460,Pallavaram Bypass-Viduthalai Nagar Stop,12.9484,80.1998
7457,Pallavaram-Bridge Beginning,12.9587,80.1503
7836,Pallavaram-Inayath Mahal,12.9699,80.1459
7455,Pallavaram-MTC Bus Stop,12.9695,80.1502
7456,Pallavaram-Signal,12.9667,80.1489
7465,Pallikaranai-Balaji Dental College,12.9433,80.2073
7461,Pallikaranai-Bus stop,12.9339,80.2039
7802,Pallikaranai-Kamakshi Hospital,12.949049,80.210026
7464,Pallikaranai-Narayanapuram Bus Stop,12.9399,80.2056
7463,Pallikaranai-Oil Mill,12.92959,80.202776
7462,Pallikaranai-Panchayat office,12.9331,80.2041
7744,Pallikaranai-Puliyamaram Bus Stop,12.921,80.1969
7468,Pammal-Krishna Nagar,12.9729,80.1385
7469,Pammal-MTC Bus Stand,12.9743,80.1352
7467,Pammal-SHANKAR NAGAR (Meenakshi poly technic),12.9661,80.1271
7470,Panaiyur-Mayajaal,12.848677,80.240862
7856,Pappanchatram-Bus stop,13.0328,80.0374
7745,Paraniputhur- Murugan Kovil Bus stop,13.020406,80.133291
7471,Paraniputhur-Bus Stop,13.021,80.1269
7473,Patalam-Bus Stop,13.097,80.2592
7746,Patalam-Mahalakshmi theatre,13.097553,80.256589
7861,Pattabiram -Railway Station,13.1185,80.0653
7474,Pattabiram-Bhavani amman koil,13.1232,80.0684
7475,Pattabiram-Bus stop,13.121,80.0648
7803,Pattabiram-Hindu College,13.1192,80.0739
7476,Pattabiram-Sekkadu Bus Stop,13.1193,80.0796
7877,Pattabiram-Thandurai Govt Elementary School,13.1096,80.061
7478,Pattalam-Bhuvaneshwari Theatre,13.0916,80.2587
7833,Pattalam-Vasanthi Theatre Bus Stop,13.0932,80.2588
7852,Pattaravakkam-Railway Station,13.1149,80.1664
7479,Pattravakkam-Bus stop,13.1093,80.1675
7747,Pattur-Bus Stop,13.0231,80.1185
7480,Pazhavanthangal-Railway Station,12.99,80.187
7482,Perambur-B&C Mill,13.103403,80.258359
7486,Perambur-Bus Terminus,13.108325,80.248253
7484,Perambur-Jamalia,13.1062,80.2503
7485,Perambur-Railway Station,13.108134,80.244588
7483,Perambur-Ramana Nagar Bus Stop,13.124514,80.241957
7748,Perambur-Sri Brindha theatre,13.1192,80.2426
7481,Perambur-Venus,13.1124,80.2364
7487,Peravallur-Near Don Bosco School,13.1217,80.2409
7488,Periamet-Everest Hotel,13.0808,80.2669
7749,Periamet-Masjid,13.0845,80.2702
7750,Periyapannicherry-Bus Stop,13.012533,80.131915
7489,Periyar Nagar-Bus Depot,13.1165,80.2241
7751,Periyar Nagar-EB Office,13.117945,80.219586
7490,Periyar Nagar-State Bank,13.1137,80.2264
14223,Perumbakkam Global Hospital - Bus Stop,12.905428,80.207956
7491,Perumbakkam-MTC Bus Stop,12.90759,80.199679
7870,Perumbakkam-Nookampalayam Village Bus stop,12.890865,80.197859
7492,Perungudi-CTS Office,12.9635,80.2445
7494,Perungudi-MTC Bus Stop,12.9595,80.2449
7493,Perungudi-Toll Gate,12.9566,80.2434
7495,Pondy Bazaar-Bus Stand,13.0407,80.2384
7752,Ponmar-Bus stop,12.856863,80.171889
7497,Ponniammanmedu-Bus stop,13.1390819,80.2275131
7496,Ponniammanmedu-RTO Office signal,13.1358,80.2165
7499,Poonamallee-Court,13.05096,80.0941627
7498,Poonamallee-GH Hospital,13.0505,80.0993
7753,Poonamallee-Kalarai Bus Stop,13.049146,80.105746
7757,Porur -Signal Kumar Sweets,13.0348,80.1562
7304,Porur Kolapakkam-MTC Bus Stop,13.0101,80.1491
7503,Porur-Cognizant DLF,13.0233,80.1754
7502,Porur-Lakshmi Nagar Bus Stop,13.0383,80.1651
7755,Porur-Samayapuram Bus Stop,13.0407,80.1508
7501,Porur-Shakthi Nagar (ICICI Bank),13.0315,80.1645
7756,Porur-Toll gate,13.044022,80.149335
7504,Potheri-Bus stop,12.8202,80.0368
7505,Pozhichalur-Bus stop,12.9896,80.1438
7872,Pozhichalur-Cowl Bazaar Bus stop,12.9888,80.1509
7758,Pozhichalur-Nehru Nagar Bus Stop,12.9818,80.1377
14469,Pudhupakkam- Cosmo city,12.8114326,80.1964433
7759,Pudupet-Chitra Theatre,13.068862,80.267525
7506,Pudupet-Egmore Court,13.0727,80.2627
7507,Pulianthope-Police Station,13.099974,80.259849
7508,Pulianthope-TB Hospital,13.0993,80.2635
7509,Purasaivakkam-Abhirami Theatre,13.0863,80.2474
7512,Purasaivakkam-Dasaprakash MTC Bus Stop,13.0789,80.254
7832,Purasaivakkam-Mekala Theater Bus Stop,13.0868,80.2506
7510,Purasaivakkam-Motcham Theatre,13.0847,80.2502
7511,Purasaivakkam-Welcome Hotel,13.0857,80.2546
7513,Puzhal-Central Jail Bus stop,13.1641,80.2021
7760,Puzhal-Cycle shop Bus stop,13.1533,80.2083
7514,Puzhuthivakkam-Bata Store,12.9715,80.191
7515,Puzhuthivakkam-Bus stop,12.974,80.2025
7517,R A puram-Kaliappa Hospital,13.0271,80.256
7516,R A puram-Sathya Studio,13.016088,80.259467
7518,Rajakadai-Bus Stop,13.1512,80.2997
7519,Rajakilpakkam-Bus stop,12.922444,80.15193
7520,Rajakilpakkam-Junction Bus Stop,12.9228,80.1516
7522,Ramapuram-Indian Bank,13.0261,80.183
7521,Ramapuram-Park Dugar MTC Bus Stop,13.025486,80.175995
7523,Red Hills-Bus Station,13.193081,80.184076
7859,Red Hills-Gandhi Nagar-Bus stop,13.1953,80.1682
7858,Red Hills-Padiyanallur-Bus stop,13.2041,80.1753
7524,Retteri-Mtc Bus Stop,13.131,80.2141
7616,Royapettah-Amir Mahal,13.0561,80.268
7527,Royapettah-Govt. Hospital,13.05449,80.264356
7804,Royapettah-New College,13.05407,80.261073
7864,Royapettah-S.A. Marriage Hall,13.0535,80.2688
7530,Royapuram-Bus Stop,13.1092,80.2916
7882,Royapuram-Coast Guard Bus stop,13.1185,80.2932
7529,Royapuram-RSRM Hospital,13.1086,80.2883
7532,Saidapet-Bus Stand,13.0236581,80.2279047
7533,Saidapet-Court Bus stop,13.0145,80.2262
7531,Saidapet-Hyundi Show room,13.0259,80.2301
7805,Saligramam-Avichi School,13.047758,80.197758
7534,Saligramam-Bus Terminus,13.054,80.197
7535,Saligramam-Dasaratha Puram Bus stop,13.0585,80.204
7536,Saligramam-Prasad Lab,13.0558,80.2041
7629,Saligramam-SSR Pankajam Theatre,13.0521,80.2044
7537,Santhome-Chettinad School,13.0181,80.2695
7538,Santhome-Church,13.0334,80.2778
7539,Santhoshapuram-Bus stop,12.9197,80.1713
7762,Selaiyur-Canara Bank,12.915269,80.144053
7540,Selaiyur-MTC Stop,12.9225,80.1372
7838,Selaiyur-Pathuvanchery Bus Stop,12.8868,80.1489
7541,Sembakkam-MTC Bus Stop,12.923276,80.159895
14234,Semmancheri- DLF Garden City,12.872309,80.205877
7763,Semmancheri-Aalamaram Bus stop,12.861,80.2267
7542,Semmancheri-Tsunami Colony Bypass Road,12.877014,80.208362
7842,Senneerkuppam-Bus stop,13.055807,80.113969
13792,Sevvapet Bus stop,13.125932,79.96522
7544,Shenoy Nagar-Bus stop,13.082,80.2255
7545,Shenoy Nagar-Pachiyappas College,13.075694,80.232805
7860,Sholinganallur-Central Park,12.8963,80.223
7547,Sholinganallur-Check Post,12.8996,80.2279
7549,Sholinganallur-ECR Toll,12.9008,80.2317
7548,Sholinganallur-Infosys,12.891359,80.227747
7764,Shollinganallur-Dollar Bus stop,12.907477,80.228232
7550,Siruseri-Bus stop,12.8332,80.2287
7848,Siruseri-PSBB school,12.823,80.198
7553,Sithalapakkam-Bus stop,12.8975,80.1821
7844,Sithalapakkam-Housing board bus stop,12.8911,80.1758
7551,Sithalapakkam-Panchayat board Bus Stop,12.8874,80.1842
7552,Sithalapakkam-Veerabadran Nagar Bustop (Maambakkam Main road),12.906734,80.188994
13788,Sitharkadu Bus Stop,13.089348,80.057566
14450,Somangalam Bus Stop,12.946259,80.035631
14464,Sriperumbudur - Pennalur EB Bus Stop,12.985187,79.97546
7556,Sriperumbudur-Anjugam Nagar Bus Stop,12.9781,80.0529
7555,Sriperumbudur-Bus Stop,12.9671,79.9467
7557,SRP Tools-MTC Bus Stop,12.9799,80.2528
14156,SSM Nagar Allapakkam - New Perungalathur,12.8915021,80.1167374
7559,St.Thomas Mount-Jothi Theatre,13.0074,80.2013
7558,St.Thomas Mount-OTA,12.9988,80.1927
7560,Sunnambhukolathur-Bus stop,12.9485,80.1991
7561,Surapet-Bus stop,13.144149,80.18814
7563,T Nagar-Bus Stand,13.034473,80.230347
7568,T Nagar-Hindi Prashara Shabha,13.0354,80.2394
7806,T Nagar-kannamapet,13.030419,80.22821
7787,T Nagar-North Usman road Rainbow hotel,13.053306,80.23451
7807,T Nagar-Panagal park,13.042127,80.233102
7569,T Nagar-Quality Inn Sabari,13.0478,80.2399
7570,T Nagar-Residency Hotel,13.0455,80.2407
7566,T Nagar-Ttdc Temple,13.0359,80.2366
7571,T.T.K Road-Opp. Music Academy,13.0457,80.2596
7808,Tambaram East-Adi Nagar,12.922604,80.133361
7765,Tambaram East-Bharathamadha st Poondi Bazzer-Univercell,12.9231,80.1257
7810,Tambaram East-Camp Road,12.922388,80.141621
7573,Tambaram East-Fathima Church,12.92348,80.117382
7811,Tambaram East-MES Road,12.9188,80.116
7812,Tambaram East-Varadhararajapuram,12.923,80.1261
7579,Tambaram Sanatorium-Bus stop,12.9374,80.1281
14448,Tambaram West- Varadharajapuram Bus Stop,12.940609,80.083337
7768,Tambaram West-Gandi Road -Karur vysya Bank Atm,12.92679,80.114035
7580,Tambaram West-Kannadapalayam Bus stop,12.9357576,80.1017607
7875,Tambaram West-Kulakkarai Bus Stop,12.9256,80.1043
7583,Tambaram West-Main Bus Stand,12.92479,80.115816
7582,Tambaram West-MR Theatre,12.9254,80.1155
7581,Tambaram West-Thirumudivakkam Bus stop,12.9675,80.0865
7585,Teynampet-DMS Bus Stop,13.0473,80.2487
7584,Teynampet-SIET College,13.0354,80.248
14470,Thaiyur - Panchayat office - Bus stop,12.774659,80.193701
7586,Thalambur-Bus stop,12.8473,80.2
7587,Thandalam-Bus stop,13.0155,80.0038
7588,Tharamani-MTC Bus Stop,12.98123,80.242706
7591,Thirumangalam-Bus stop,13.0854109,80.1992254
7592,Thirumazhumisai-Bus stop,13.0553,80.0566
7818,Thirumudivakkam-Bus stop,12.9675,80.0865
7771,Thirumullaivoyal-Cholambedu Bus stop,13.1204262,80.1364108
7846,Thirumullaivoyal-Manikandapuram Bus stop,13.1305,80.1362
7595,Thirumullaivoyal-MTC Bus Stop,13.1313,80.1313
7594,Thirumullaivoyal-Police Station,13.1244,80.1167
7769,Thirumullaivoyal-Saraswathi Nagar Bus Stop,13.135105,80.141614
7865,Thirumullaivoyal-Sivan kovil,13.1365,80.1315
7770,Thirumullaivoyal-Stedeford Hospital Bus Stop,13.124444,80.143557
7593,Thirumullaivoyal-Vaishnavi Nagar MTC Bus Stop,13.1285,80.1236
7772,Thirumullaivoyal-Venkatachalam Nagar Arch Bus Stop,13.1457,80.1356
7773,Thiruneermalai-Kamarajapuram Bus Stop,12.9722,80.123
7774,Thirunindravur-Jaya Engineering College,13.1356811,80.0454263
7813,Thirunindravur-Nemelicheri,13.1212,80.0449
7814,Thirunindravur-Railway station,13.1236,80.0271
7599,Thirusulam-Railway Station,12.9803,80.1655
7600,Thiruvanmiyur-Below Mrts Bridge(Tidel/Elnet),12.987406,80.251708
7602,Thiruvanmiyur-Depot,12.987474,80.258992
7601,Thiruvanmiyur-Jayanthi Theatre,12.988726,80.255819
7603,Thiruvanmiyur-RTO,12.9777,80.2593
7775,Thiruverkadu-Devi Karumariamman Temple Bus stop,13.069124,80.124033
7604,Thiruverkadu-Saveetha Dental College,13.0549,80.124
7777,Thiruvottiyur-Ellai Amman Koil Temple,13.1581,80.3016
7776,Thiruvottiyur-Theradi Bus stop,13.1609,80.3027
7605,Thiruvottiyur-Tollgate Bus Stop,13.1444,80.2968
7606,Thoraipakkam - Reliance Trends,12.9290794,80.2314878
7607,Thoraipakkam- PTC Quaters,12.933855,80.232735
7815,Thoraipakkam-ASV Suntech Park,12.9395,80.2343
7778,Thoraipakkam-Chennai One,12.95,80.2322
7609,Thoraipakkam-Jain College,12.946641,80.239606
7826,Thoraipakkam-Tea Shop,12.95243,80.241767
7610,Thousand Lights-Apollo hospital,13.0628,80.2518
7611,Thousand Lights-Peters Mosque  Saravana Bhavan,13.0553,80.2549
14452,Tondiarpet - Clock Tower Bus Stop,13.122227,80.287081
7613,Tondiarpet-Apollo Hospital,13.128971,80.290742
7779,Triplicane -Parthasarathi Temple Entrance Marina Beach,13.054058,80.278298
7620,Triplicane-Ice House Bus stop,13.0525,80.2746
7619,Triplicane-Kalaivanar Arangam,13.0669,80.2751
7621,Triplicane-MAC Stadium,13.0632,80.2783
7618,Triplicane-Parthasarathi Temple Bus stop,13.0537,80.2757
7617,Triplicane-Zam Bazaar Police Station,13.058975,80.270709
7622,TVK Nagar-Bus Terminus(Agaram),13.1199,80.2324
7625,Ullagaram-Bus Stop,12.9783,80.1939
7624,Ullagaram-Kumaran Theater Bus stop,12.9722,80.1913
7626,Urapakkam-Govt. School,12.8658,80.0763
7627,Urapakkam-Tea Kadai Bus Stop,12.8621,80.0736
7628,Uthandi-Bus stop,12.869069,80.243473
7630,Vadapalani-Bus Terminus,13.0503,80.2065
7633,Vadapalani-Lakshman Shruthi Music,13.0447,80.2124
7632,Vadapalani-Shiva Temple,13.049,80.2125
7634,Vadapalani-Thiru Nagar MTC Bus Stop,13.0574,80.2116
7878,Valasaravakkam-Ganga Nagar Bus Stop,13.0533,80.1762
7635,Valasaravakkam-Kesavardhini,13.042,80.1779
7637,Valasaravakkam-MTC Bus Stop,13.0412,80.1736
7638,Valluvarkottam-Bus Stop,13.0537,80.2421
14412,Vandalur Kandigai - IIIT Institute Gate,12.839147,80.133645
7642,Vandalur-Gate,12.8933,80.0862
7644,Vandalur-Kandigai Bus stop,12.8509288,80.1406148
7645,Vandalur-Kolapakam Bus stop,12.8705,80.1069
7816,Vandalur-Rathinamangalam,12.857988,80.133757
7646,Vandikaran-Netaji Road Jn.,12.9973,80.2105
7647,Vannandurai-Bus stop,12.9963,80.2622
7648,Vanuvampettai-Church,12.9816,80.1959
7654,Velachery-Baby Nagar IBP petrol Bunk,12.981569,80.230513
7817,Velachery-Check Post,12.9976,80.2165
7780,Velachery-Check Post  Krishna Bakery,12.9971,80.2105
7652,Velachery-Concorde Motors MTC Bus Stop,13.007885,80.221219
7661,Velachery-Dhandeeswaram Nagar (MTC Bus Stop),12.9831,80.222
7663,Velachery-Gandhi Road-LIT Gate,12.987865,80.223032
7660,Velachery-Guru Nanak Collage,12.990725,80.220143
7649,Velachery-HP Petrol Bunk,12.9796,80.2184
7662,Velachery-Lake Bus Stop,12.9875,80.2181
7653,Velachery-Murugan Kalyana Mandapam,12.9839,80.2175
7656,Velachery-Railway Station,12.968363,80.21803
7651,Velachery-Ram Nagar Bus stop,12.9783154,80.2248812
7658,Velachery-Tansi Nagar Bus Stop,12.9784,80.2253
7590,Velachery-TCS,12.9821,80.2315
7659,Velachery-Vijaya Nagar Bus Stand,12.9756,80.2208
14233,Velappanchavadi- TOYOTA Showroom,13.060407,80.132878
7664,Velappanchavadi-Bus stop,13.0613,80.1382
7665,Vellakal-Bus stop,12.931591,80.181538
7666,Vellanur-Bus Stop,13.1766,80.0979
7862,Vellanur-Kanniamman Nagar-Bus stop,13.1918,80.098
13787,Vengadamangalam Bus Stop,12.86569886,80.15114843
7667,Vengaivasal-Bus stop,12.9003,80.1708
14224,Vengambakkam - Luxes Cricket Ground,12.8791137,80.1369486
7668,Vepery-Police Station,13.086,80.2629
14077,Veppampattu Railway station-Bus Stop,13.124868,79.997086
7669,Vettuvankeni-Basera Hotel,12.9323,80.2523
7670,Vettuvankeni-MTC Bus Stop,12.9386,80.2524
7672,Villivakkam-BP Petrol Bunk,13.1028,80.2081
7673,Villivakkam-Bus Stand,13.1054,80.2079
7671,Villivakkam-Nathamuni Theatre,13.1036,80.2021
7674,Virugambakkam-Elango Nagar,13.0527,80.1921
7675,Virugambakkam-National Theatre,13.0469,80.1905
7676,Virugambakkam-Sai Nagar Annai Mahal,13.0598,80.1954
7678,Vyasarpadi-Ambedkar College,13.1173,80.2605
7783,Vyasarpadi-Fire station,13.1138487,80.2554307
7677,Vyasarpadi-Kannigapuram Bus stop,13.108179,80.260396
7679,Vyasarpadi-Market,13.1147,80.2635
7685,West Mambalam-Duraiswamy Subway,13.0415,80.2276
7682,West Mambalam-Mettupalayam,13.0286,80.2199
7681,West Mambalam-Opp. Ayodhya Mandapam,13.039,80.2211
7684,West Saidapet-Aranganathan Subway,13.0282,80.2256
7784,Zamin Pallavaram-IOB bank/Jain appartments,12.960684,80.162098
7785,Zamin Pallavaram-Quba Masjid,12.965872,80.168096
7786,Zamin Pallavaram-Railway Station,12.9673,80.1526
7686,Zamin Pallavaram-Vels College,12.954704,80.159321
7152,Ambattur OT-Menambedu Bus Stop,13.121774,80.165835
7863,Chromepet West-Balaji Hospital,12.9539,80.1375
7211,Chromepet-Ramar Koil,12.9423,80.1403
7241,Guduvanchery-Main Bus Stand,12.8447,80.0616
7244,Guindy-Bus Stand Near HTC Tower,13.0081,80.2096
7247,Guindy-Raj Bhavan,13.0092,80.2283
7256,Irumbuliyur West-Bus stop,12.9171,80.1072
7265,Kadaperi-GRT,12.9353,80.1263
7272,Kandanchavadi-MTC Bus Stop,12.9654,80.2475
7279,Karapakkam-Nissi Hostel,12.9185,80.2301
7298,Kilpauk New Avadi Road-Signal,13.0822,80.2336
7796,Kodambakkam-Power House,13.0521,80.2195
7307,Kolathur-Water Tank 100 Ft. Road,13.1287,80.2116
7321,Kovilambakkam-Govt School,12.9429,80.192
7327,Koyambedu-Daniel Thomas School,13.0746,80.1928
7333,Kundrathur-Poonthandalam Bus stop,12.9981,80.0976
7866,Madambakkam-Padhuvancherry,12.8868,80.1489
7138,Maduravoyal-Meenakshi Dental College,13.053046,80.166502
7357,Manappakkam-Bus Stop,13.021,80.1834
7725,Mannivakkam -Near Murugan kovil -Bus depot,12.8849,80.0699
7867,Medavakkam- Koot Road Anjaneya Temple,12.9232,80.1831
7372,Mettukuppam-Bus stop,12.9391,80.2352
7378,MMDA-Bus Stop,13.0629,80.2117
7385,Mogappair-DAV School,13.0841,80.1817
7401,Mudichur-Padmavathy Kalyana Mandapam MTC Bus Stop,12.9208744,80.0894853
7732,Mylapore-Citi Center Bus stop,13.0435,80.2739
7414,Naduveerapattu-Adupankarai hotel,12.9477,80.0551
7735,Nazarathpet-Bus stop,13.0473,80.0808
7434,Nesapakkam-Bus stop,13.039,80.1929
7754,Porur-Vigneshwara Nagar Bus Stop,13.028257,80.151341
7761,Ramapuram-Arasa Maram Bus Stop,13.031694,80.183748
7528,Royapettah-Ajantha,13.0466,80.2664
7543,Semmancheri-Sathyabama Deemed Univercity,12.8727936,80.2265998
7854,Sholinganallur-Canara Bank,12.8979,80.2279
7554,Sowcarpet-PADMANABHA THEATRE,13.0976079,80.2751998
7564,T Nagar-Kence Towers,13.0487,80.2333
7809,Tambaram East-Air Force Station,12.9128925,80.1261582
7767,Tambaram West-SUN STAR WOMENS HOSTEL,12.9370837,80.1130822
7589,Tharamani-American International School,12.9813,80.2462
7596,Thiruneermalai-Bus stop,12.9622,80.1134
13672,Thiruporur-Bus Stop,12.7225,80.1874
7821,Thiruvottiyur-Bus Depot,13.1722,80.3054
7880,Thoraipakkam-Kannagi Nagar-Bus stop,12.926,80.2382
7623,TVK Nagar-Vetri Nagar Bus stop,13.1203,80.2322
7631,Vadapalani-Ambica Empire,13.0557,80.2116
7641,Vandalur-Zoo,12.8787,80.0814
7650,Velachery-Kaiveli,12.9638,80.216
7680,Vyasarpadi-MKB Nagar (MTC Bus Stop),13.124083,80.259154
7683,West Saidapet-Jayaraj Theatre,13.024732,80.216828
7302,kodungaiyur-RV Nagar Church Bus Stop,13.138221,80.246086
7404,Mudichur Road-Indian Over Seas Bank,12.9173,80.0802
7424,Nanganallur-Bus Depot,12.9779,80.1815
7546,Sholinganallur-Sathiyabama,12.8734494,80.2266529
7614,Tondiarpet-Depot,13.1315,80.2925
7639,Vanagaram-Bus stop,13.0606,80.1549
7347,Madipakkam-Oil Mill Bus Stop,12.9782,80.1939
7835,Puzhal-Kathirvedu Bus stop,13.1496996,80.2042768
7766,Tambaram Sanatorium-Durga Nagar Bus Stop,12.9491,80.1253
